"queen","mutation","min_similarity","mean_similarity","Q1_similarity","med_similarity","Q3_similarity","max_similarity","sd_similarity"
8,"0.01",0.970671875,0.988995935833333,0.98865625,0.98903125,0.989390625,0.991171875,0.000595891528466152
8,"0.05",0.924046875,0.947835860520833,0.94715625,0.947953125,0.948703125,0.95321875,0.00136696865942526
8,"0.1",0.86975,0.901834848125,0.9009375,0.902,0.903046875,0.9080625,0.00210741447951561
8,"0.15",0.81890625,0.861166023229167,0.86003125,0.86121875,0.862375,0.869671875,0.00178341162047601
8,"0.2",0.769515625,0.824277392708333,0.822984375,0.824328125,0.825625,0.83246875,0.00203022408627344
8,"0.25",0.7248125,0.7898851496875,0.78840625,0.79,0.791484375,0.799828125,0.00242670359790497
8,"0.3",0.669078125,0.757082064947917,0.75540625,0.757265625,0.7589375,0.767703125,0.00274998341403186
8,"0.35",0.620203125,0.725247165208333,0.723484375,0.725484375,0.7273125,0.736125,0.00311399047311255
8,"0.4",0.577578125,0.693688462239583,0.69153125,0.693828125,0.695984375,0.706140625,0.00352623809202928
8,"0.45",0.526578125,0.661566065572917,0.659390625,0.66171875,0.6639375,0.67546875,0.00348363317690835
8,"0.5",0.45725,0.6251867315625,0.622625,0.626125,0.62878125,0.641734375,0.00532428625598446
8,"0.55",0.393265625,0.57828845921875,0.574921875,0.579625,0.58284375,0.59790625,0.00664295501271141
8,"0.6",0.360953125,0.544041525060596,0.5399375,0.544953125,0.549046875,0.564890625,0.0071259360266936
8,"0.65",0.370062499999999,0.494493516065432,0.489140625,0.495765625,0.500671875,0.519953125,0.00861623390187354
8,"0.7",0.343374999999999,0.441585635021516,0.436234375,0.442875,0.44815625,0.471921875,0.0093835588549191
8,"0.75",0.273234375,0.379089573498855,0.37265625,0.38040625,0.386625,0.410671875,0.0105948226233703
8,"0.8",0.0969551282051282,0.307574527874096,0.30053125,0.308484375,0.315859375,0.343578125,0.0119562765396801
8,"0.85",0.0425145348837209,0.226310798151327,0.21821875,0.22853125,0.23721875,0.315104166666667,0.0173710077089718
8,"0.9",0.0190548780487805,0.128861299521616,0.11809375,0.13234375,0.1435,0.181234375,0.0217948682346462
8,"0.95",0.020422149122807,0.0498877788459474,0.0415625,0.0491249999999999,0.058125,0.0912812500000001,0.0126506642579201
8,"1.0",0.0103902284263959,0.0195888958209415,0.01696875,0.01921875,0.0223323140739769,0.0303960020242915,0.00387713779980337
8,"variable",0.0364583333333333,0.158143233925867,0.156875,0.1588125,0.160859375,0.195109374999999,0.00872183563854044
9,"0.01",0.96228125,0.988781413125,0.988421875,0.9888125,0.9891875,0.991046875,0.000606042016050907
9,"0.05",0.903359375,0.946550705625,0.945796875,0.9465625,0.94734375,0.951390625,0.00118966250056787
9,"0.1",0.8615,0.898163088541667,0.897140625,0.898171875,0.8991875,0.905390625,0.00153629376053815
9,"0.15",0.810078125,0.853812972291667,0.8525625,0.85384375,0.855109375,0.86290625,0.00199567117083071
9,"0.2",0.761,0.8125676634375,0.811140625,0.8125625,0.814,0.8221875,0.00215976710197191
9,"0.25",0.70734375,0.773918249270833,0.772296875,0.773921875,0.775546875,0.784125,0.00245373735549965
9,"0.3",0.645843749999999,0.736702938489583,0.73490625,0.7366875,0.738515625,0.7480625,0.0028720973005079
9,"0.35",0.597265625,0.701154429427083,0.698890625,0.70121875,0.703484375,0.713625,0.00342728367388268
9,"0.4",0.55225,0.66476647796875,0.662265625,0.664734375,0.667328125,0.680265625,0.00407044233033891
9,"0.45",0.48,0.626211333333333,0.62321875,0.626234375,0.6291875,0.645328125,0.00455501085399706
9,"0.5",0.443765625,0.587044012447917,0.58309375,0.586703125,0.59065625,0.6084375,0.00538620988215165
9,"0.55",0.364640625,0.538268512291667,0.533703125,0.538328125,0.542734375,0.560265625,0.00677646899089717
9,"0.6",0.31265625,0.4993984903125,0.49309375,0.4991875,0.505421875,0.525796875,0.00793133589578241
9,"0.65",0.26375,0.44965561828125,0.441484375,0.448453125,0.4571875,0.480234375,0.0103642386422663
9,"0.7",0.207921875,0.393334742604167,0.385453125,0.39315625,0.400671875,0.426765625,0.0101766020959129
9,"0.75",0.1575,0.329577308385417,0.321390625,0.32928125,0.337109375,0.368921875,0.0108419281124299
9,"0.8",0.0940625000000001,0.258762302918661,0.250734375,0.2585,0.266890625,0.30346875,0.0124891937041672
9,"0.85",0.0325892857142857,0.174764459743201,0.16683203125,0.1773671875,0.186484375,0.235258152173913,0.0186335591119207
9,"0.9",0.0107853982300885,0.0756613385604782,0.0617968749999999,0.076140625,0.0900000000000001,0.135796875,0.0200216517281502
9,"0.95",0.0091875,0.022253890122308,0.01711328125,0.021390625,0.02646875,0.0486875,0.00668588312129441
9,"1.0",0.00284090909090909,0.00929758423855152,0.00812109374999999,0.00901562500000001,0.01021875,0.018296875,0.00164226432260365
9,"variable",0.117665816326531,0.156275723054755,0.15453125,0.156203125,0.157921875,0.25,0.00262517346897408
10,"0.01",0.963140625,0.98869932453125,0.988359375,0.988703125,0.9890625,0.990828125,0.000558424111797172
10,"0.05",0.9141875,0.945227489635417,0.944546875,0.945375,0.94615625,0.950390625,0.00150207417608015
10,"0.1",0.856359375,0.894899587135417,0.893984375,0.895046875,0.8960625,0.90153125,0.00198474484925963
10,"0.15",0.800640625,0.847736429270833,0.84646875,0.847765625,0.849046875,0.85575,0.00199454993978233
10,"0.2",0.715453125,0.804016845885417,0.802640625,0.80409375,0.805515625,0.8131875,0.00235862404817377
10,"0.25",0.683859374999999,0.761786952916667,0.76025,0.761859375,0.76340625,0.7718125,0.00262284244589071
10,"0.3",0.631546875,0.721301263072917,0.719578125,0.721390625,0.723109375,0.73146875,0.00278706246607038
10,"0.35",0.5670625,0.681838561927083,0.67990625,0.681984375,0.68391015625,0.693359375,0.00319641542492552
10,"0.4",0.526640625,0.64115282296875,0.63903125,0.641328125,0.643453125,0.65396875,0.00354394694821056
10,"0.45",0.4625625,0.601968761979167,0.59971875,0.602125,0.604390625,0.615703125,0.00377042278176103
10,"0.5",0.39778125,0.55937292140625,0.556515625,0.559828125,0.562625,0.574859375,0.00505336388560603
10,"0.55",0.336078125,0.50474826078125,0.5014375,0.505,0.508421875,0.523921875,0.00548900032944377
10,"0.6",0.290578125,0.466228710364583,0.462890625,0.46725,0.470640625,0.485421875,0.006544626578629
10,"0.65",0.23153125,0.4144553803125,0.4106875,0.41496875,0.41878125,0.435875,0.00635211872365788
10,"0.7",0.179453125,0.35688396671875,0.352046875,0.35753125,0.3623125,0.382453125,0.00768113495368142
10,"0.75",0.120453125,0.293844915364583,0.288,0.294796875,0.300484375,0.324609375,0.00958953352234505
10,"0.8",0.0424107142857143,0.222471222612433,0.2173125,0.22534375,0.232,0.277994791666667,0.017005360193961
10,"0.85",0.015625,0.120333574465552,0.0982968749999999,0.128828125,0.14790625,0.180953125,0.0346007770011548
10,"0.9",0.00560897435897436,0.0286916848035667,0.0175156249999999,0.0252343749999999,0.0365312500000001,0.0957500000000001,0.0137907387938077
10,"0.95",0.00596875,0.0098141156038863,0.00832812499999999,0.0091875,0.01065625,0.0276875,0.00223533619187568
10,"1.0",0.00347222222222222,0.00540741124014598,0.005,0.00534375,0.005734375,0.015625,0.000620118028717055
10,"variable",0.14471435546875,0.154702619138841,0.153140625,0.154671875,0.15621875,0.1749375,0.00233542631659578
11,"0.01",0.964421875,0.9885745484375,0.988234375,0.98859375,0.9889375,0.9906875,0.000563888018259062
11,"0.05",0.910625,0.944347906614583,0.94365625,0.944484375,0.94525,0.949390625,0.0014720411630264
11,"0.1",0.848703125,0.892549916822917,0.8915,0.8925625,0.893609375,0.90071875,0.00162241370832615
11,"0.15",0.788140625,0.843273251145833,0.8423125,0.843640625,0.84490625,0.852,0.00300289124166321
11,"0.2",0.67409375,0.796710669895833,0.795359375,0.796875,0.798390625,0.80759375,0.00305442682254768
11,"0.25",0.670765624999999,0.752358960989583,0.750765625,0.752390625,0.754,0.76290625,0.00255629842690989
11,"0.3",0.604953124999999,0.708949965260417,0.70746875,0.709234375,0.710953125,0.720796875,0.00391526606927295
11,"0.35",0.565828125,0.665891560052083,0.6639375,0.666,0.66796875,0.679171875,0.00326324273178796
11,"0.4",0.48684375,0.624203477083333,0.621359375,0.624328125,0.627203125,0.639828125,0.00423481403934568
11,"0.45",0.444578125,0.579605281302083,0.576609375,0.579765625,0.582734375,0.596,0.00453194766631819
11,"0.5",0.39584375,0.536465797916667,0.53378125,0.5366875,0.539546875,0.555609375,0.00611678474404001
11,"0.55",0.31978125,0.478191395,0.474515625,0.477953125,0.481875,0.4985625,0.00564823634401401
11,"0.6",0.25284375,0.438241698958333,0.433859375,0.4380625,0.44275,0.4618125,0.00653433494763293
11,"0.65",0.221921875,0.386155844739583,0.381703125,0.38640625,0.390921875,0.411125,0.00668540086714322
11,"0.7",0.145281250000001,0.328297406822917,0.323625,0.328390625,0.33328125,0.356,0.00733646481317187
11,"0.75",0.0824062500000002,0.26649834140625,0.2615625,0.266796875,0.272015625,0.29934375,0.0089502943098247
11,"0.8",0.019328125,0.192657417864583,0.190265625,0.197859375,0.204078125,0.23496875,0.0229331169239363
11,"0.85",0.011625,0.0700288983990923,0.0350781249999999,0.067609375,0.101828125,0.1629375,0.0377209069812734
11,"0.9",0.00728125,0.0140219503484096,0.01021875,0.01165625,0.015421875,0.06965625,0.00616654755721463
11,"0.95",0.00428124999999999,0.00657415200532543,0.006,0.00640625,0.00692187499999999,0.019703125,0.000931958159850414
11,"1.0",0.00225,0.00386723807291667,0.00359375,0.00384375,0.004109375,0.00814062500000004,0.000394253569280095
11,"variable",0.1435625,0.153714168346055,0.152265625,0.1536875,0.155125,0.180194805194805,0.00214500005045212
12,"0.01",0.957125,0.988459887135417,0.988109375,0.988484375,0.98884375,0.99075,0.000603334359780772
12,"0.05",0.9025,0.943856310625,0.94309375,0.943875,0.94465625,0.9491875,0.00121794093170626
12,"0.1",0.817874999999999,0.890070981041667,0.889234375,0.890390625,0.891484375,0.8974375,0.00250675937574368
12,"0.15",0.767625000000001,0.840324115208333,0.8390625,0.840359375,0.841625,0.849515625,0.0019894015515317
12,"0.2",0.710562499999999,0.791616626458333,0.7901875,0.7916875,0.79315625,0.801765625,0.00246208234424596
12,"0.25",0.655593749999999,0.744717829635417,0.7431875,0.74475,0.74628125,0.754609375,0.00245434800188185
12,"0.3",0.582968750000001,0.698894485833333,0.697140625,0.6989375,0.700703125,0.71090625,0.00277706571161648
12,"0.35",0.463109375,0.654206055052083,0.652171875,0.65428125,0.656328125,0.668421875,0.00335955481343481
12,"0.4",0.461609374999999,0.608929507760417,0.607046875,0.609328125,0.6114375,0.6226875,0.00450837821167239
12,"0.45",0.42346875,0.564323879270833,0.5618125,0.564453125,0.566953125,0.580265625,0.00395309331358343
12,"0.5",0.37059375,0.517006100677083,0.51403125,0.517171875,0.520171875,0.534203125,0.00467118727256636
12,"0.55",0.310937499999999,0.458397257395833,0.455296875,0.458703125,0.461828125,0.477140625,0.00505891788618959
12,"0.6",0.267765625,0.417688563645833,0.41465625,0.41784375,0.4209375,0.439953125,0.00496255035311203
12,"0.65",0.197953125,0.36426877671875,0.360609375,0.36446875,0.368203125,0.385828125,0.00574383059601789
12,"0.7",0.147328125,0.308093914635417,0.303578125,0.308046875,0.312578125,0.336,0.00686549435805772
12,"0.75",0.053109375,0.24607234703125,0.24178125,0.246546875,0.251125,0.276171875,0.00865483653816917
12,"0.8",0.014890625,0.167738345625,0.1690625,0.17821875,0.184296875,0.208859375,0.0324184483733127
12,"0.85",0.0093125,0.0360997797395833,0.01440625,0.022203125,0.05134375,0.141015625,0.0283746845245526
12,"0.9",0.005640625,0.009271066875,0.0079375,0.0085,0.00939062500000001,0.0562343750000001,0.00274069741345003
12,"0.95",0.00321875,0.00510317333333333,0.00475000000000001,0.0050625,0.005390625,0.011734375,0.000534321769504286
12,"1.0",0.001703125,0.00298556942708333,0.002765625,0.00296875,0.003203125,0.00557812500000001,0.000320563647519883
12,"variable",0.142046875,0.153039320208333,0.1516875,0.153015625,0.154375,0.1759375,0.00201066109889978
13,"0.01",0.946484375,0.988384903802083,0.98803125,0.98840625,0.988765625,0.99075,0.000616016954412253
13,"0.05",0.887828125,0.943186779583333,0.942421875,0.943203125,0.94396875,0.94846875,0.00121115972514254
13,"0.1",0.828375,0.889043796458333,0.888015625,0.88909375,0.890171875,0.8965625,0.00181464254112656
13,"0.15",0.757234375,0.8371477753125,0.835890625,0.837171875,0.838453125,0.845171875,0.00202974769488932
13,"0.2",0.69803125,0.787199072135417,0.78578125,0.78721875,0.78865625,0.797359375,0.00226665212262807
13,"0.25",0.648640625000001,0.738934502135417,0.7373125,0.738953125,0.740578125,0.749625,0.00254716812581043
13,"0.3",0.55740625,0.6909402515625,0.6891875,0.691015625,0.69278125,0.70265625,0.002839565649386
13,"0.35",0.522593750000001,0.6442682215625,0.642296875,0.644375,0.64634375,0.656234375,0.00317001926883102
13,"0.4",0.46865625,0.597460627239583,0.59528125,0.5974375,0.599625,0.612046875,0.00345304373023885
13,"0.45",0.424046875,0.550279525520833,0.548046875,0.5503125,0.552578125,0.56465625,0.00346561537874455
13,"0.5",0.349593750000001,0.501989543541667,0.499328125,0.502234375,0.504890625,0.51728125,0.00431839357911836
13,"0.55",0.298312499999999,0.441737894114583,0.438796875,0.441921875,0.44484375,0.45865625,0.00458023965521495
13,"0.6",0.249265625,0.400999004270833,0.397671875,0.400875,0.40428125,0.420265625,0.0049486302654587
13,"0.65",0.181250000000001,0.3460632234375,0.3424375,0.346109375,0.349765625,0.36596875,0.00533990438597979
13,"0.7",0.122,0.289547564322917,0.285796875,0.2896875,0.2935,0.31421875,0.00582759193347092
13,"0.75",0.02084375,0.228348671770833,0.22453125,0.228953125,0.2333125,0.25365625,0.00947532116877007
13,"0.8",0.012671875,0.136055303072917,0.1219375,0.159453125,0.166890625,0.192765625,0.0481372813304379
13,"0.85",0.0079375,0.0183865038020833,0.010875,0.012,0.01621875,0.12615625,0.01564132722454
13,"0.9",0.0048125,0.00726292734375,0.006671875,0.0070625,0.00751562499999999,0.0318906249999999,0.00123004283629494
13,"0.95",0.00246875,0.00421347630208333,0.0039375,0.004203125,0.00446875,0.00857812499999996,0.000402795499122238
13,"1.0",0.00121875,0.00239161625,0.002203125,0.002390625,0.002578125,0.00406250000000001,0.000279996418852811
13,"variable",0.142609375,0.152559364270833,0.151265625,0.152546875,0.153828125,0.16603125,0.00191014662795175
14,"0.01",0.949468749999999,0.988301079375,0.987953125,0.988328125,0.9886875,0.990640625,0.000635347306368208
14,"0.05",0.8925625,0.94257906921875,0.941875,0.942703125,0.9435,0.948,0.0014907102743739
14,"0.1",0.81978125,0.887688512916667,0.886625,0.887703125,0.88878125,0.8944375,0.00168981285783469
14,"0.15",0.763796875,0.834715075677083,0.8334375,0.834734375,0.836015625,0.843046875,0.00200312385811198
14,"0.2",0.685515624999999,0.783466983125,0.78203125,0.7835,0.784953125,0.793640625,0.00227744589980352
14,"0.25",0.622625000000001,0.733514979427083,0.73190625,0.73353125,0.73515625,0.7445,0.00254208278825357
14,"0.3",0.579296875,0.684165383489583,0.682453125,0.6841875,0.685921875,0.69525,0.00273638083002634
14,"0.35",0.541218750000001,0.636071552135417,0.634109375,0.636109375,0.638078125,0.648484375,0.00310811090307861
14,"0.4",0.468609375,0.587539548072917,0.5854375,0.587609375,0.58971875,0.601203125,0.0033117114137092
14,"0.45",0.417265625000001,0.539123773541667,0.53675,0.53915625,0.541546875,0.555140625,0.00374871869910198
14,"0.5",0.344140624999999,0.489285049479167,0.486890625,0.489359375,0.491765625,0.50425,0.00378487098697277
14,"0.55",0.27,0.427886809635417,0.42509375,0.42803125,0.430859375,0.447015625,0.00444172065865783
14,"0.6",0.234328125,0.3856234934375,0.3825625,0.3856875,0.388796875,0.406390625,0.00484886667352825
14,"0.65",0.18540625,0.33152873921875,0.32828125,0.33165625,0.334921875,0.354265625,0.00501388025695392
14,"0.7",0.0791718749999999,0.2743780771875,0.27090625,0.274484375,0.278015625,0.295828125,0.00548686168141243
14,"0.75",0.018390625,0.213755227760417,0.21084375,0.214875,0.21878125,0.238484375,0.012088324902614
14,"0.8",0.011328125,0.09322520234375,0.0220000000000001,0.114203125,0.15040625,0.181390625,0.0595399663330077
14,"0.85",0.007,0.01175443984375,0.009421875,0.00996875,0.010796875,0.109703125,0.00724958971687656
14,"0.9",0.0041875,0.00621007046875,0.005828125,0.00615625,0.0065,0.022046875,0.000667104038917543
14,"0.95",0.002140625,0.00360256104166667,0.003359375,0.00359375,0.003828125,0.00775000000000003,0.000351347353626513
14,"1.0",0.0009375,0.0019664709375,0.001796875,0.00196875,0.00212500000000001,0.003359375,0.000251748852192656
14,"variable",0.144,0.152238010849363,0.151,0.152234375,0.15346875,0.170375,0.00183277590355092
15,"0.01",0.947703125,0.988201492395833,0.98784375,0.988234375,0.988609375,0.99040625,0.000658910985957045
15,"0.05",0.887265624999999,0.942352834479167,0.941578125,0.942375,0.94315625,0.94759375,0.00125488342894452
15,"0.1",0.820812499999999,0.886638377291667,0.885578125,0.88665625,0.887734375,0.894078125,0.00169953680233565
15,"0.15",0.726234375,0.83283283828125,0.83153125,0.83284375,0.834171875,0.842203125,0.00208021091696859
15,"0.2",0.648218749999999,0.780411930520833,0.778953125,0.780421875,0.78190625,0.790171875,0.00234939563739657
15,"0.25",0.599187500000001,0.729244265677083,0.727625,0.729296875,0.730921875,0.740671875,0.00260108160267471
15,"0.3",0.569609375000001,0.679086442760417,0.67734375,0.67909375,0.68084375,0.6914375,0.00273561331350887
15,"0.35",0.465031249999999,0.629213566614583,0.627234375,0.62925,0.631265625,0.641734375,0.00318016823108999
15,"0.4",0.441765624999999,0.578931665520833,0.576890625,0.57896875,0.581015625,0.592140625,0.00322826153730303
15,"0.45",0.396640624999999,0.52943547265625,0.527140625,0.529453125,0.531765625,0.544375,0.00358814972291169
15,"0.5",0.345046874999999,0.47925271765625,0.4768125,0.479359375,0.481796875,0.495078125,0.00382484690807866
15,"0.55",0.221453125000002,0.416823643958333,0.4140625,0.416859375,0.419625,0.434328125,0.00436496860921118
15,"0.6",0.230640625,0.3747320746875,0.37175,0.37484375,0.377875,0.395453125,0.00464651959166042
15,"0.65",0.152296875,0.320178397552083,0.316796875,0.32015625,0.32359375,0.338640625,0.00501226129939986
15,"0.7",0.0468593749999997,0.262871426770833,0.25959375,0.263046875,0.266359375,0.283296875,0.00539502392392248
15,"0.75",0.0160625,0.201884174635417,0.19996875,0.203953125,0.207703125,0.226625,0.0167023422389271
15,"0.8",0.010234375,0.0522442546875,0.013515625,0.01640625,0.105015625,0.16590625,0.052991445212372
15,"0.85",0.006296875,0.00942322671875,0.00848437500000001,0.00892187499999999,0.00940625,0.09625,0.0034526066963662
15,"0.9",0.003703125,0.00552919671875,0.00521875,0.00551562499999999,0.0058125,0.0170625000000001,0.000487258673324401
15,"0.95",0.0018125,0.00315234885416667,0.0029375,0.003140625,0.00337499999999999,0.00614062499999999,0.000323294343669563
15,"1.0",0.0006875,0.00164927411458333,0.0015,0.001640625,0.0018125,0.00275,0.00022943531285346
15,"variable",0.142703125,0.151997104546553,0.1508125,0.152,0.1531875,0.170265625,0.0017755162467427
16,"0.01",0.946703125000001,0.988221203802083,0.987875,0.988234375,0.98859375,0.9906875,0.000632210272433253
16,"0.05",0.868234375,0.9419379228125,0.94115625,0.941953125,0.94275,0.947578125,0.00128311028753675
16,"0.1",0.784109375,0.885703285625,0.884640625,0.88571875,0.8868125,0.892796875,0.0017397140647462
16,"0.15",0.71896875,0.831021607916667,0.829703125,0.8310625,0.832375,0.839953125,0.00213550074402457
16,"0.2",0.64825,0.778100885729167,0.77665625,0.778125,0.77959375,0.78915625,0.00237700377850857
16,"0.25",0.600843749999999,0.72560946765625,0.724015625,0.725625,0.727234375,0.736125,0.0025452667340221
16,"0.3",0.525734375000001,0.673938335416667,0.672125,0.674,0.675828125,0.68525,0.00290137401817883
16,"0.35",0.498171875,0.623759278645833,0.621828125,0.6238125,0.625734375,0.63575,0.0030765308164796
16,"0.4",0.424156249999999,0.572721606041667,0.570578125,0.572734375,0.57490625,0.586796875,0.00341260494990434
16,"0.45",0.344125000000001,0.521823326979167,0.5195,0.521921875,0.52425,0.53775,0.00371035491044554
16,"0.5",0.324875000000001,0.470471231458333,0.467921875,0.470546875,0.47309375,0.486625,0.00396069197502731
16,"0.55",0.181531250000001,0.40775938859375,0.404953125,0.40784375,0.41065625,0.425796875,0.00434092052563332
16,"0.6",0.158125000000001,0.364591421458333,0.361828125,0.364625,0.36740625,0.38275,0.00428899946782683
16,"0.65",0.1505625,0.31046724796875,0.30728125,0.31053125,0.31371875,0.32884375,0.0047988118019098
16,"0.7",0.0242031249999999,0.253419194635417,0.25021875,0.2535625,0.2568125,0.272390625,0.00538206596043193
16,"0.75",0.01475,0.18992578390625,0.190671875,0.19465625,0.198296875,0.21934375,0.0263446809784219
16,"0.8",0.00934375,0.0264110333333333,0.012109375,0.012796875,0.0144375,0.15603125,0.034616733353677
16,"0.85",0.00578125,0.00832978458333333,0.007796875,0.00818749999999999,0.00859375,0.0825625000000001,0.00168884069960979
16,"0.9",0.003234375,0.00502887546875,0.004734375,0.005015625,0.00529687500000001,0.0176718750000001,0.000427018846841273
16,"0.95",0.00153125,0.00280136083333333,0.00259375,0.002796875,0.003,0.00432812499999999,0.000301231304120391
16,"1.0",0.00059375,0.00140483223958333,0.00125,0.00140625,0.001546875,0.002421875,0.000210771194124653
16,"variable",0.143734375,0.1518250765625,0.15065625,0.1518125,0.152984375,0.1635625,0.0017316777227876
18,"0.01",0.94690625,0.988131980520833,0.98778125,0.98815625,0.9885,0.99025,0.000642416885654245
18,"0.05",0.8825625,0.941280568854167,0.940515625,0.941296875,0.942078125,0.946578125,0.00128794492868198
18,"0.1",0.770078125000001,0.88423028375,0.883171875,0.88425,0.88534375,0.89278125,0.00185427521015918
18,"0.15",0.694578125,0.8282315359375,0.8269375,0.82825,0.8295625,0.83703125,0.0021272921907735
18,"0.2",0.659921875000001,0.773661986875,0.7721875,0.7736875,0.775171875,0.78384375,0.00239784862264244
18,"0.25",0.595343749999999,0.719907271770833,0.71825,0.719953125,0.721625,0.731109375,0.00266777750349797
18,"0.3",0.5360625,0.6666418415625,0.664796875,0.666671875,0.66853125,0.678390625,0.00293230120095767
18,"0.35",0.458140625000001,0.614344576979167,0.61253125,0.614375,0.61621875,0.62575,0.00305792234730116
18,"0.4",0.412453125000001,0.561983721770833,0.55990625,0.562015625,0.56409375,0.575140625,0.0033385399753543
18,"0.45",0.306000000000002,0.508959367083333,0.5068125,0.508984375,0.51115625,0.522578125,0.00346345618341734
18,"0.5",0.3121875,0.4562645109375,0.453921875,0.456234375,0.45859375,0.4711875,0.00359744133998337
18,"0.55",0.20140625,0.392202615208333,0.389765625,0.39225,0.394703125,0.407140625,0.00391394524541923
18,"0.6",0.162828125000001,0.348739493333333,0.345921875,0.348890625,0.351703125,0.36640625,0.00446339584489339
18,"0.65",0.033328125,0.293902539895833,0.291140625,0.293953125,0.29671875,0.31328125,0.00444189472370608
18,"0.7",0.020875,0.2376721671875,0.23471875,0.23784375,0.240890625,0.257421875,0.00604142848837312
18,"0.75",0.013171875,0.14998178875,0.17184375,0.17859375,0.182515625,0.199203125,0.0617918793778639
18,"0.8",0.0081875,0.0123014453125,0.010609375,0.011078125,0.011578125,0.140671875,0.00998687483727461
18,"0.85",0.00528125,0.00719940979166667,0.00684375,0.00718749999999999,0.00753125,0.0407656249999998,0.000586400245118062
18,"0.9",0.002828125,0.00431767072916667,0.0040625,0.0043125,0.004578125,0.00843749999999998,0.000380849350275208
18,"0.95",0.00121875,0.00229557322916667,0.002109375,0.002296875,0.00246875,0.0035,0.000271560485863481
18,"1.0",0.000343750000000001,0.00105746458333333,0.0009375,0.0010625,0.0011875,0.0019375,0.000182885671916668
18,"variable",0.143859375,0.1516141103125,0.1505,0.151609375,0.15271875,0.163359375,0.00165470966566536
20,"0.01",0.923296875000001,0.988046420520833,0.987703125,0.988078125,0.9884375,0.990375,0.000721448212143886
20,"0.05",0.854749999999999,0.940939417083333,0.940171875,0.94096875,0.941734375,0.945703125,0.00136158112742789
20,"0.1",0.769625,0.883044536041667,0.881984375,0.883078125,0.88415625,0.89034375,0.00182762199198727
20,"0.15",0.696515624999998,0.826403048854167,0.825109375,0.8264375,0.827734375,0.83484375,0.00215409322726986
20,"0.2",0.603874999999999,0.7705979684375,0.769109375,0.770625,0.772109375,0.779921875,0.00244995820975108
20,"0.25",0.540937500000001,0.715799513958333,0.71415625,0.715828125,0.717484375,0.72678125,0.00272715731357952
20,"0.3",0.498718750000001,0.661298506458333,0.6595625,0.661328125,0.66309375,0.672421875,0.00292869970659257
20,"0.35",0.378984374999999,0.607772521875,0.60584375,0.60778125,0.609734375,0.61990625,0.00316714248216341
20,"0.4",0.337375000000001,0.553362593333333,0.551265625,0.553375,0.5555,0.566125,0.00340416178106069
20,"0.45",0.322312499999999,0.500284916145833,0.498078125,0.500296875,0.502515625,0.515171875,0.00361040825051809
20,"0.5",0.279531249999999,0.446161168541667,0.44390625,0.44621875,0.44847265625,0.459640625,0.00363630142913795
20,"0.55",0.2019375,0.381223889479167,0.37878125,0.381296875,0.38375,0.396515625,0.00390227848044831
20,"0.6",0.03934375,0.33811250125,0.33571875,0.3381875,0.340578125,0.352265625,0.00417976566323437
20,"0.65",0.026515625,0.282542158229167,0.27996875,0.282625,0.285234375,0.2984375,0.00467707911623264
20,"0.7",0.018453125,0.226086700520833,0.223625,0.226515625,0.22934375,0.245296875,0.00918635363525777
20,"0.75",0.011546875,0.0618728048958333,0.014515625,0.015359375,0.164625,0.189453125,0.0704340011940626
20,"0.8",0.00746875,0.0102058244791667,0.0096875,0.01009375,0.010515625,0.12578125,0.00268665919600674
20,"0.85",0.004265625,0.00651635552083333,0.0061875,0.00651562499999999,0.006828125,0.0378750000000002,0.000483599825024848
20,"0.9",0.002421875,0.003828789375,0.00359374999999999,0.003828125,0.0040625,0.005453125,0.00035417406994414
20,"0.95",0.000859375000000002,0.00194830822916667,0.00178125,0.0019375,0.002109375,0.00315625,0.000249961943896631
20,"1.0",0.00021875,0.0008249971875,0.00071875,0.000812500000000002,0.0009375,0.0016875,0.000161328453143324
20,"variable",0.144546875,0.1514817353125,0.15040625,0.151484375,0.152546875,0.161515625,0.00160086686977019
22,"0.01",0.925328125,0.988008865,0.98765625,0.98803125,0.988390625,0.990328125,0.00072147933047931
22,"0.05",0.815968749999998,0.940476008125,0.939703125,0.9405,0.941296875,0.9461875,0.00143774952890553
22,"0.1",0.746031249999999,0.882273947083333,0.881203125,0.8823125,0.883390625,0.88875,0.00193522787993761
22,"0.15",0.671890624999998,0.824665738125,0.823359375,0.8246875,0.826015625,0.832625,0.00223865395069464
22,"0.2",0.6141875,0.7680651303125,0.76659375,0.76809375,0.7695625,0.77778125,0.0025029054294643
22,"0.25",0.529687499999999,0.711922641041667,0.710328125,0.711953125,0.7135625,0.722453125,0.00278438916856579
22,"0.3",0.504218749999998,0.656538361145833,0.654890625,0.65671875,0.658515625,0.66728125,0.00362998914571077
22,"0.35",0.443625000000001,0.601977624375,0.600140625,0.602046875,0.60390625,0.613484375,0.00313358458775645
22,"0.4",0.287921874999999,0.547479812395833,0.545484375,0.547515625,0.549546875,0.56053125,0.00344041565244396
22,"0.45",0.256281249999999,0.492501518645833,0.49034375,0.4925625,0.49475,0.5050625,0.00359382089108192
22,"0.5",0.185031249999999,0.438445531145833,0.4361875,0.43846875,0.440734375,0.453125,0.00369806339472343
22,"0.55",0.0666718749999995,0.3730507221875,0.370671875,0.373109375,0.375515625,0.388015625,0.00411002532565092
22,"0.6",0.0512968749999998,0.328849520416667,0.32646875,0.328875,0.331265625,0.344328125,0.004132200412577
22,"0.65",0.023828125,0.2731556271875,0.27065625,0.273234375,0.275796875,0.29025,0.00524597891764439
22,"0.7",0.016296875,0.216640871145833,0.215640625,0.21840625,0.22109375,0.235234375,0.018581961347168
22,"0.75",0.010515625,0.0199992309375,0.01334375,0.013859375,0.0144375,0.175890625,0.0291621459513461
22,"0.8",0.0070625,0.0094370471875,0.00903125,0.009421875,0.0098125,0.10728125,0.000807777547683001
22,"0.85",0.004171875,0.0060262290625,0.00571875,0.006015625,0.006328125,0.0123124999999999,0.000452881288961776
22,"0.9",0.00209375,0.003473630625,0.00325,0.00346875,0.003703125,0.0050625,0.000337007192009138
22,"0.95",0.000781250000000001,0.001699168125,0.00153125,0.0016875,0.001859375,0.002859375,0.000233214938818416
22,"1.0",0.00015625,0.0006642328125,0.000562500000000001,0.000656250000000002,0.000749999999999999,0.00140625,0.000144705665861692
22,"variable",0.144171875,0.151399377261458,0.15034375,0.15140625,0.152453125,0.161625,0.00156350817356324
24,"0.01",0.909093750000002,0.9879301346875,0.987578125,0.987953125,0.9883125,0.990125,0.000765109721272238
24,"0.05",0.829515625000001,0.9402259759375,0.939453125,0.94025,0.941046875,0.945296875,0.00148072886255512
24,"0.1",0.717718749999998,0.881458970729167,0.880390625,0.881484375,0.882578125,0.889109375,0.00206459915149779
24,"0.15",0.648109375000002,0.823301584375,0.822,0.823328125,0.82465625,0.831578125,0.00233493579650797
24,"0.2",0.56040625,0.766330000520833,0.76484375,0.766375,0.76790625,0.776625,0.0028112191401359
24,"0.25",0.542562499999998,0.709442204166667,0.70784375,0.70946875,0.71109375,0.72046875,0.00278376184767171
24,"0.3",0.405828125000001,0.653729959583333,0.65203125,0.653765625,0.655484375,0.664421875,0.00314379231360433
24,"0.35",0.377921875000001,0.597612071770833,0.595765625,0.597640625,0.5995,0.6098125,0.00318543852019612
24,"0.4",0.294609375,0.5423070375,0.5403125,0.542359375,0.544375,0.55484375,0.00346182970641527
24,"0.45",0.249312499999999,0.4869532775,0.48490625,0.487,0.489078125,0.500203125,0.00355930094267229
24,"0.5",0.213671874999999,0.432423532604167,0.4301875,0.4325,0.43475,0.4490625,0.00375792026318333
24,"0.55",0.0454218749999999,0.366287118645833,0.363921875,0.36634375,0.368703125,0.380953125,0.00432832967978432
24,"0.6",0.0324375,0.321388755520833,0.3190625,0.321453125,0.323796875,0.33715625,0.00455262080414012
24,"0.65",0.021953125,0.266059771354167,0.2638125,0.2663125,0.26878125,0.2815,0.00798143195525353
24,"0.7",0.01475,0.201807122708333,0.207984375,0.210796875,0.213484375,0.22653125,0.0410527072516935
24,"0.75",0.010125,0.0136777609375,0.012625,0.013109375,0.013609375,0.169734375,0.00874197311385021
24,"0.8",0.00665625,0.008922633125,0.00853125000000001,0.00892187499999999,0.009296875,0.102953125,0.000757392764468139
24,"0.85",0.00384375,0.00564933208333333,0.005359375,0.005640625,0.0059375,0.00764062500000001,0.000434149320018804
24,"0.9",0.001828125,0.0032007178125,0.002984375,0.0031875,0.003421875,0.00475,0.000323263708484503
24,"0.95",0.000625,0.00150998541666667,0.001359375,0.0015,0.00165625,0.0025625,0.000219806018610782
24,"1.0",9.375e-05,0.000545413541666667,0.000468749999999999,0.000531250000000002,0.000625,0.0011875,0.000130873168630893
24,"variable",0.14503125,0.151344789895833,0.1503125,0.15134375,0.152375,0.15934375,0.00153534204611327
26,"0.01",0.917828125,0.987911549895833,0.9875625,0.9879375,0.988296875,0.9901875,0.000739888737717883
26,"0.05",0.79253125,0.940067233020833,0.939296875,0.940109375,0.940890625,0.94628125,0.00158852046503718
26,"0.1",0.699453125,0.8808056,0.879734375,0.880828125,0.881921875,0.88784375,0.00211766475438249
26,"0.15",0.628812499999999,0.822612733541667,0.8213125,0.822640625,0.82396875,0.830640625,0.0024507805395938
26,"0.2",0.550453124999999,0.7644058421875,0.762875,0.7644375,0.766,0.773796875,0.00297054826308921
26,"0.25",0.459765624999999,0.707638460729167,0.706046875,0.707671875,0.70928125,0.717,0.00304879433831915
26,"0.3",0.390562499999999,0.650775099270833,0.6490625,0.650828125,0.652546875,0.66184375,0.00308583671540261
26,"0.35",0.338046874999998,0.594402041979167,0.592578125,0.5944375,0.59628125,0.606640625,0.00327370160203545
26,"0.4",0.207734374999999,0.538305174166667,0.53634375,0.538359375,0.54034375,0.5501875,0.00362926798167951
26,"0.45",0.158812499999999,0.4826654596875,0.48057421875,0.482671875,0.484796875,0.4979375,0.00365901154555243
26,"0.5",0.0654375000000001,0.426764585833333,0.4245625,0.426796875,0.429015625,0.441125,0.00415648950294512
26,"0.55",0.039046875,0.3604172259375,0.3581875,0.36046875,0.36275,0.37453125,0.00453950493902835
26,"0.6",0.029203125,0.316246350104167,0.314109375,0.316421875,0.31871875,0.332359375,0.00722887832752588
26,"0.65",0.020984375,0.259817331145833,0.258265625,0.260703125,0.26315625,0.27753125,0.0150055219796628
26,"0.7",0.014375,0.118994247604167,0.01778125,0.19990625,0.20590625,0.220546875,0.0935745629011956
26,"0.75",0.0095,0.0125997905208333,0.01209375,0.0125625,0.01303125,0.157015625,0.00221840511204868
26,"0.8",0.006453125,0.00851686270833333,0.008140625,0.00851562499999999,0.008875,0.01115625,0.000544010801603252
26,"0.85",0.003453125,0.00535321010416667,0.0050625,0.00534375,0.00564062499999999,0.007296875,0.00042154964310854
26,"0.9",0.0018125,0.0029856671875,0.00276562500000001,0.002984375,0.0031875,0.00465625,0.000311225347945585
26,"0.95",0.0005625,0.001362273125,0.00121875,0.001359375,0.0015,0.00234375,0.000207990943004718
26,"1.0",3.125e-05,0.000455939791666667,0.000375,0.000437500000000002,0.000531250000000001,0.000999999999999999,0.000119342275826466
26,"variable",0.1440625,0.151300799375,0.15028125,0.151296875,0.152328125,0.162703125,0.00152125938785532
32,"0.01",0.902890625000001,0.9878484524375,0.9875,0.987859375,0.98821875,0.99021875,0.000626050088992675
32,"0.05",0.7646875,0.9394858996875,0.9386875,0.9395,0.940296875,0.945140625,0.00134705995749204
32,"0.1",0.662765624999998,0.8796124580625,0.878515625,0.879625,0.880734375,0.887796875,0.00182483666127415
32,"0.15",0.578843750000002,0.82012615571875,0.818765625,0.820140625,0.8215,0.829984375,0.00219153016982545
32,"0.2",0.477968749999998,0.7611406505,0.759640625,0.76115625,0.762671875,0.7708125,0.00250864100060042
32,"0.25",0.383281249999999,0.70280415240625,0.701203125,0.7028125,0.7044375,0.715328125,0.00266875738530953
32,"0.3",0.334906249999998,0.64477702178125,0.643,0.644796875,0.646578125,0.656515625,0.00291391767485203
32,"0.35",0.224859374999999,0.5876965586875,0.585796875,0.587703125,0.589609375,0.601203125,0.00308575759690733
32,"0.4",0.136265625,0.5297875441875,0.52784375,0.5298125,0.531765625,0.543859375,0.00320230861154041
32,"0.45",0.061734375,0.47276744171875,0.47071875,0.47278125,0.47484375,0.4863125,0.00340416757327975
32,"0.5",0.0506875,0.41644632875,0.414359375,0.41646875,0.4185625,0.431765625,0.00355284522971748
32,"0.55",0.03321875,0.349315382375,0.347109375,0.3493671875,0.351625,0.364765625,0.005174431150346
32,"0.6",0.025,0.304289293580986,0.3023125,0.304640625,0.306953125,0.3208125,0.0102745183413995
32,"0.65",0.01803125,0.229464084966911,0.246015625,0.24878125,0.25121875,0.264484375,0.063996668112154
32,"0.7",0.01271875,0.01626435925,0.015609375,0.016140625,0.016671875,0.202578125,0.00466706923048698
32,"0.75",0.008515625,0.011463310875,0.01103125,0.011453125,0.011890625,0.014890625,0.000640597931082284
32,"0.8",0.00556249999999999,0.00770040571875,0.00734375000000001,0.0076875,0.008046875,0.0104375,0.000511911112914747
32,"0.85",0.002984375,0.0047520345,0.004484375,0.00475,0.005015625,0.007,0.000395530553580599
32,"0.9",0.00134375,0.002552851375,0.002359375,0.002546875,0.00275,0.00396875,0.000286537396461777
32,"0.95",0.000312500000000001,0.00107259078125,0.000937500000000001,0.0010625,0.0011875,0.00196875,0.000184226182973014
32,"1.0",0,0.00028945059375,0.000218750000000001,0.000281250000000001,0.000343750000000001,0.000843749999999998,9.53185365700872e-05
32,"variable",0.143984375,0.151229746624724,0.150234375,0.15121875,0.15221875,0.1621875,0.00147257570325574
