"queen","mutation","min_fitness","mean_fitness","Q1_fitness","med_fitness","Q3_fitness","max_fitness","sd_fitness"
8,"0.01",0.245137986265037,0.957036860076388,0.990838541666667,0.991176432291667,0.991482682291667,0.9930546875,0.125579929582343
8,"0.05",0.418589953980481,0.939903027662155,0.955327864583333,0.956020572916667,0.956684114583333,0.960338020833333,0.0863732314255735
8,"0.1",0.396972052079864,0.904746442422087,0.911164136904762,0.912102111235119,0.913012895275298,0.917936030505952,0.0574473203584203
8,"0.15",0.424324775520639,0.868142305023345,0.867120182291667,0.868214192708333,0.869308363560268,0.875207719494048,0.00538865840217433
8,"0.2",0.408593464283113,0.824238425308764,0.823066896856399,0.824311421130952,0.825548151506696,0.833036923363095,0.00532493046204515
8,"0.25",0.383640336985064,0.780322449592023,0.779063930741567,0.780437222532242,0.781804956442212,0.791499758184524,0.00667571617427547
8,"0.3",0.35813735611177,0.736540988658796,0.73509265562996,0.736578273809524,0.738040477740575,0.746366198536706,0.0035404205619437
8,"0.35",0.346158623689678,0.692713603027539,0.691163037884425,0.692734818610209,0.694302870008681,0.704078924851191,0.0032063748176552
8,"0.4",0.324314483736749,0.648845419609417,0.647273093377976,0.648919118685134,0.650573315042163,0.659776339285714,0.00527022896242345
8,"0.45",0.302914574433813,0.605111515487724,0.603412712786346,0.60512509765625,0.60683866891572,0.616677198040675,0.0027746579057046
8,"0.5",0.285339108778527,0.561468774643635,0.559693430679563,0.561485069585363,0.563273962208581,0.574138746279762,0.00302537452269368
8,"0.55",0.256959366306437,0.509077546495618,0.5072151106489,0.509089690431097,0.51096224430409,0.521857260946519,0.00303224398932013
8,"0.6",0.246275522350913,0.474084565805909,0.472155608822601,0.474099197048611,0.476027468039773,0.487752083897006,0.00296345369563469
8,"0.65",0.316325375644321,0.430649631420694,0.428639735524892,0.430661602904474,0.432684761538375,0.445208761724387,0.00303338924088901
8,"0.7",0.294473690014413,0.386968544622801,0.384856012498786,0.38699227918349,0.389108282602814,0.401782796717172,0.00318933934510724
8,"0.75",0.260126746950966,0.343495202312223,0.341254263596646,0.343541782392954,0.345807098045184,0.357411574818411,0.00350385836815101
8,"0.8",0.172853807183735,0.299173802846035,0.296712509647471,0.299517466604576,0.30210266879388,0.314981768760055,0.00497392756664404
8,"0.85",0.118149319289399,0.250834959111403,0.247537018081745,0.253092464588363,0.256972450314442,0.320183841765873,0.0112493034177493
8,"0.9",0.103442997523235,0.192012892326008,0.18313101968561,0.195024541686484,0.204581677472854,0.22218702738234,0.0173934668297894
8,"0.95",0.10412353656325,0.133655053393391,0.125044971363785,0.133595103399347,0.141876208670925,0.167007136189428,0.0127915761973404
8,"1.0",0.0936982602613634,0.10539669960407,0.101624480005613,0.105294591166894,0.109018312344252,0.119791527838124,0.0054784771912281
8,"variable",0.122531396554834,0.210385114031474,0.207218965528829,0.211302862646188,0.214770180513931,0.227344724007483,0.00862190111934423
9,"0.01",0.222217143988824,0.955809065069475,0.990689322916667,0.9910328125,0.991341796875,0.992901041666667,0.127442390895543
9,"0.05",0.235878413414736,0.953979411054986,0.954699739583333,0.955361458333333,0.956013541666667,0.959565364583333,0.0255924830701628
9,"0.1",0.418530526887328,0.910634401997949,0.909811407955109,0.910726767113095,0.911633017113095,0.916550725446429,0.00617401351139087
9,"0.15",0.409163658024854,0.86581701344102,0.864997560918899,0.866100423177083,0.867196842447917,0.873667959449405,0.0109283158947404
9,"0.2",0.391139385755304,0.821408109507171,0.820230540829613,0.821476976376488,0.822722186569941,0.830728571428571,0.00529548890471167
9,"0.25",0.373030894209829,0.776810460520858,0.775494875372024,0.776866333395337,0.778244255332341,0.785913138640873,0.00486098033396403
9,"0.3",0.36032094388901,0.732019125249423,0.730790049138145,0.732271608382937,0.733745141214038,0.741742277405754,0.00968926723504994
9,"0.35",0.336858062155879,0.687633959588994,0.686126890345982,0.687701722160218,0.689263754030258,0.698125827752976,0.00484655458356795
9,"0.4",0.314953264978231,0.64277290331416,0.64147430078602,0.643138992886454,0.644793718998016,0.654613020833333,0.0110230317400262
9,"0.45",0.29750940220676,0.598567660432132,0.596859579824472,0.598599012586805,0.600340755631088,0.609496661368146,0.00371440550494936
9,"0.5",0.280544800067554,0.554043959043913,0.552250819650185,0.554063339026425,0.555875324675325,0.566628357514881,0.00310911045872801
9,"0.55",0.2494353298101,0.500615134765652,0.498767264723124,0.50064712024087,0.502510141242221,0.513851755275974,0.00337303714681162
9,"0.6",0.231888324276571,0.465024445909765,0.463086306347732,0.465040458196318,0.466981821628892,0.479212122621302,0.00297425381419361
9,"0.65",0.210114530077128,0.420538961828043,0.418529349339577,0.420556596420073,0.422580335083753,0.433064160579004,0.00311121495369312
9,"0.7",0.196902729497065,0.376020236407412,0.373920635587286,0.376041136890453,0.378161814612254,0.390038977754017,0.00323393135880215
9,"0.75",0.17888672621866,0.331168732547804,0.328931593617971,0.331259870034479,0.333531186500132,0.346587009583299,0.00365354761314403
9,"0.8",0.145232678919666,0.284980217946356,0.282730485784832,0.285663324609418,0.288334233306841,0.302198866996719,0.00632882478198406
9,"0.85",0.0924322048530951,0.230406740275785,0.225622273537775,0.234981951138055,0.240071121042044,0.257153217290522,0.0151549485482112
9,"0.9",0.079551911430958,0.153111498331917,0.138262635966041,0.153878903423349,0.168994087591162,0.207250469734259,0.021446964885528
9,"0.95",0.0775317036415382,0.0999013456308712,0.0924862825045491,0.0987641611366024,0.106196989178764,0.143126561782657,0.00983880772451929
9,"1.0",0.0758635991656853,0.0837156457842968,0.0811342175586966,0.083255933620067,0.0857027750330683,0.102335639026703,0.00349875567518419
9,"variable",0.152363901289683,0.217505669773266,0.213824962379647,0.21908173827583,0.22362502642728,0.235102845830385,0.00877386666025451
10,"0.01",0.205382172127938,0.988349229142673,0.99066015625,0.990963802083333,0.991259114583333,0.992914973958333,0.036238534378441
10,"0.05",0.235993954055799,0.933654188646524,0.954026822916667,0.954746688988095,0.955420052083333,0.959311458333333,0.0982167588102379
10,"0.1",0.406065826822789,0.901753060029075,0.908641127232143,0.909578636532738,0.91050087890625,0.915859393601191,0.0592353647171406
10,"0.15",0.402838369569309,0.864187756390992,0.863288523065476,0.864400372023809,0.865501477244544,0.8716880859375,0.00940341190991962
10,"0.2",0.299620125627753,0.818943758377035,0.81796193266369,0.819216234188988,0.820476669456845,0.827227114335317,0.0106234473090843
10,"0.25",0.350851412608404,0.773821449451749,0.772655473400298,0.774034506758432,0.775418033854167,0.784135652281746,0.0091047128641418
10,"0.3",0.349631055622916,0.728779971522102,0.727375919279288,0.728879479786706,0.730358832465278,0.738803097098214,0.00577053686479723
10,"0.35",0.310427980346906,0.683604123364531,0.682111357788262,0.683692218501984,0.685268773273168,0.695073490203373,0.0055894150641276
10,"0.4",0.309880501982689,0.63843486524995,0.636857291032535,0.638528032416802,0.640187584572545,0.650614943238185,0.00571311432535848
10,"0.45",0.283413916951997,0.593291070416936,0.5916223730046,0.593351576776088,0.595068996465774,0.604943933193543,0.00462549623100945
10,"0.5",0.261296446310532,0.548071758442609,0.546400131053842,0.548205620941558,0.550003826419891,0.561036352926587,0.00636023363147779
10,"0.55",0.236807406850324,0.493965323731231,0.492136722413871,0.494010595491748,0.495896408842893,0.506294652808129,0.00422459765690063
10,"0.6",0.216847463319717,0.457757788698498,0.45585872641898,0.457802182398764,0.45974182146521,0.471194021690115,0.00384234697121467
10,"0.65",0.204492281816299,0.412575676585568,0.410586191120078,0.412609631855774,0.414612834127678,0.425767350965007,0.00328159724964656
10,"0.7",0.182153238622081,0.367179908902254,0.36507888988724,0.367220344943685,0.369337084421655,0.380660393360979,0.00343953716362517
10,"0.75",0.150926106380733,0.321235871189355,0.319096178235827,0.321459154105443,0.323761274754976,0.336180639239233,0.00499529810032098
10,"0.8",0.101266069796032,0.271237608563192,0.270544533207391,0.274098989703872,0.27704362329836,0.299112127835272,0.0141861027658591
10,"0.85",0.0710305409376085,0.190792487186253,0.167718354381317,0.200893720827065,0.221529689392981,0.243972395562337,0.0363971376816219
10,"0.9",0.0647919721218423,0.0983040502499105,0.0831121397794049,0.094065958577296,0.109522345580385,0.185474805314936,0.0189950819948158
10,"0.95",0.066970795314797,0.0750096110305831,0.0718300946556105,0.0739328140185864,0.077066021338778,0.108186533179049,0.00453439551507428
10,"1.0",0.0653878510449657,0.0694494103473118,0.0682852026304515,0.069188092099381,0.0703289695177003,0.0887084422451782,0.00166816231713168
10,"variable",0.159510110547898,0.219836417296932,0.216435987684298,0.222843082322345,0.227906812364004,0.2440162750444,0.0127743633747787
11,"0.01",0.155981693209437,0.987467939970077,0.9905640625,0.990868489583333,0.991165364583333,0.992783463541667,0.0411978449110577
11,"0.05",0.235706535093277,0.937904330979419,0.953601708984375,0.954302473958333,0.954974813988095,0.958606063988095,0.0870050231038646
11,"0.1",0.335147766136682,0.908408156689321,0.907768968563988,0.908689871651786,0.909604048084077,0.91481173735119,0.0111530712304403
11,"0.15",0.378720152308684,0.848464871017015,0.861786077008929,0.862957933407738,0.864086946614583,0.869908696056548,0.0779391758490737
11,"0.2",0.201870201636008,0.813488161193842,0.816077801804316,0.817356586371528,0.81861789046999,0.826382917906746,0.0396549347316389
11,"0.25",0.330692764421761,0.771596759018741,0.770333979724702,0.77171980406746,0.773100518508185,0.780759526909722,0.00696643328258628
11,"0.3",0.322223230964089,0.723147143527784,0.724536810205853,0.726052216641865,0.727544488622272,0.735978329613095,0.0324849346748037
11,"0.35",0.323033533331335,0.680305848543472,0.678829320126488,0.680415347532242,0.681996695963542,0.691018284970238,0.00617458633591292
11,"0.4",0.292764834300164,0.634696506337786,0.633100180868394,0.634770053774351,0.636421116226439,0.648758392237103,0.00485798676586511
11,"0.45",0.282537954469831,0.589061981240373,0.587360115026033,0.589105267518939,0.590840758731286,0.600116236020924,0.00396549298871007
11,"0.5",0.261497417259095,0.542826736785655,0.541603259083581,0.543403329754013,0.545206580452967,0.554681665708423,0.0127346534342647
11,"0.55",0.221109010830454,0.488565596834735,0.48670502295556,0.488614644155757,0.490493343944467,0.501791020416216,0.00383748580273679
11,"0.6",0.197602423168782,0.452015426315743,0.450091306008445,0.452044679300734,0.453983810904807,0.465447136544012,0.00340315086654218
11,"0.65",0.198099640283367,0.406151938094868,0.404151889234897,0.406178102496462,0.408196640718223,0.419118824122926,0.00325379395934376
11,"0.7",0.164312938194264,0.360126481601835,0.358025866874011,0.36018442198535,0.362309766036914,0.37471291822327,0.003629209661922
11,"0.75",0.121471940182752,0.313262455106661,0.311197624716863,0.313612914559399,0.315961917243997,0.32841988239625,0.0059649095992306
11,"0.8",0.0671467545780318,0.258045882282086,0.259951117613398,0.264576475370843,0.267892858153674,0.282454713114576,0.0233965999222823
11,"0.85",0.0626255119960649,0.140010950572383,0.096740991549618,0.137620154311804,0.180417340917164,0.234035130400135,0.0472065622860077
11,"0.9",0.0602053842406449,0.0728890551115137,0.0660049009006509,0.0691744366302289,0.0760225167707665,0.162216388165767,0.0105740800103583
11,"0.95",0.058479386607105,0.0635194053951823,0.0619612018569416,0.0630007472205185,0.0644257566004158,0.0990439797468049,0.00238207252830654
11,"1.0",0.0573664191272526,0.0606784620365143,0.0599601714735046,0.0605432804057024,0.0612396597921883,0.0743935916738543,0.00103948858989298
11,"variable",0.153825188417547,0.226108479576853,0.223741950883191,0.229769088846203,0.233758126964182,0.249912729732227,0.0132080378135253
12,"0.01",0.160604617548505,0.969770292832093,0.990447265625,0.9907734375,0.9910794921875,0.99266796875,0.0999980529100251
12,"0.05",0.199175539796535,0.953162330286679,0.95330255766369,0.95396796875,0.954628157552083,0.958246707589286,0.0197759781484576
12,"0.1",0.214794998359672,0.888855367648451,0.906854833984375,0.907850539434524,0.908800204613095,0.913601779795725,0.0910859777010355
12,"0.15",0.266610546827311,0.861684698192911,0.860783494543651,0.861890358382936,0.862997977120536,0.869918071056548,0.00935952616272862
12,"0.2",0.306841612897598,0.815012957623591,0.814575124219314,0.815840519593254,0.817102413504464,0.8240041015625,0.0183817252918884
12,"0.25",0.282706454672362,0.769654372746347,0.768415385509673,0.769801049417163,0.771181077938988,0.778732145957341,0.00752936841418933
12,"0.3",0.269518672842642,0.723676950448641,0.72226039109003,0.723745087735615,0.725243676440747,0.733899965897817,0.00534896747173128
12,"0.35",0.168642169150699,0.677611818910469,0.676116985423431,0.677702373342803,0.679285673983135,0.688359359499008,0.00575858987870785
12,"0.4",0.257990858426132,0.629810036615783,0.629947674076141,0.631624871623602,0.633292978121054,0.642803065619277,0.0240808273325854
12,"0.45",0.273765103811804,0.585520189827496,0.583831515278341,0.585573094928075,0.587301362184907,0.597284608078553,0.0041320773960406
12,"0.5",0.245732166800133,0.539424086218165,0.537666671105587,0.539473732582522,0.541276113247646,0.551932515444625,0.00413252482247153
12,"0.55",0.228052351493806,0.48408226223885,0.482218093110232,0.484114276359491,0.485988411176497,0.495716742198773,0.00343935924262869
12,"0.6",0.208812953653697,0.447109745097231,0.44518872236513,0.447141365047713,0.44907609507463,0.460005001747385,0.00332156639060896
12,"0.65",0.186379595537795,0.400810618367325,0.398805782677609,0.400838666129877,0.402856933539551,0.413501213868597,0.003256374369689
12,"0.7",0.159493310124039,0.354220724345201,0.352130158499812,0.354276169728709,0.356395466133259,0.367711965248293,0.00360753388667733
12,"0.75",0.0943014261577874,0.306590685092653,0.304628632612218,0.30709291020012,0.30945968735041,0.321075874711226,0.00704015961972962
12,"0.8",0.0583593898523363,0.242451460944924,0.248642696030098,0.256252490425667,0.260081412822746,0.274679360757451,0.0376335432604286
12,"0.85",0.0550495761098042,0.0954950141349144,0.0640958363775114,0.0766859111130649,0.117895586553138,0.225450698975504,0.0405704272095733
12,"0.9",0.0536037797383518,0.0603345121655108,0.0573022436678568,0.0586665675705992,0.0610058163006157,0.140956781972757,0.00558101920575673
12,"0.95",0.052627213376519,0.0559756540758493,0.0550607085609286,0.0557266934220291,0.0565654816592505,0.0740659460537145,0.00141561228790965
12,"1.0",0.0517595197370487,0.0541705560394368,0.0536534873452209,0.0540923215401532,0.0545948146929083,0.0616771043169923,0.000751474431119274
12,"variable",0.150180093370937,0.231508127632858,0.229979533722114,0.234659468674198,0.238193527694349,0.25491386708229,0.0123591588243835
13,"0.01",0.12097611734939,0.969280092105315,0.99038046875,0.990708333333333,0.991014583333333,0.992705729166667,0.101145182768098
13,"0.05",0.155900981114388,0.952953998204971,0.952974758184524,0.953639973958333,0.954301171875,0.958066927083333,0.0183846223932293
13,"0.1",0.214192510488479,0.904803790139945,0.906336297898065,0.907269320436508,0.908190080915179,0.913575446428571,0.0333875488683309
13,"0.15",0.212816665690778,0.860578077567903,0.85980035109747,0.860917513020833,0.862026434616815,0.867991499255952,0.0120362388679161
13,"0.2",0.287034200791689,0.814338704357357,0.813288686600942,0.814551579551091,0.815806198846726,0.82250814422123,0.00921733964144265
13,"0.25",0.312645835950135,0.76806660579471,0.766785959201389,0.768172247023809,0.7695591796875,0.777079671999008,0.00641108028458193
13,"0.3",0.207128748430757,0.721695900108986,0.720290218310335,0.721791059027778,0.723282487190544,0.732587069354257,0.00596303945681886
13,"0.35",0.257779576855671,0.675317380262102,0.673800617714534,0.675393443080357,0.676981057999076,0.685552281746032,0.00522497704677101
13,"0.4",0.273861838381275,0.628900309131825,0.627337623232887,0.62899885423821,0.630662881324405,0.640902567527958,0.00582292749805259
13,"0.45",0.274515006866253,0.582547504197588,0.580836291556751,0.582584742937184,0.584314872779131,0.594345539659993,0.00365635110830597
13,"0.5",0.221833316041113,0.536076260012932,0.534309982216135,0.536125017473846,0.537925406901042,0.54887495377886,0.00403440491578453
13,"0.55",0.220413162503164,0.480284228525932,0.478415429546582,0.480317096607819,0.482206322009154,0.494490976731602,0.00351786808308112
13,"0.6",0.198861986178788,0.443042748590712,0.441122623990593,0.443070553936081,0.44501177314439,0.455488922145563,0.00344959215917095
13,"0.65",0.170709001671269,0.396307250610425,0.394298808499443,0.396341481250954,0.398364082933126,0.408985052974712,0.00345798930026887
13,"0.7",0.13921592440627,0.34927805053412,0.347177687806985,0.349340037994774,0.351464453824171,0.363233359273105,0.00363804048762347
13,"0.75",0.0557057916915489,0.300649752749831,0.298987756817835,0.301506294942037,0.303898027000127,0.316929440481394,0.00935204817370086
13,"0.8",0.0509621988290645,0.213980057535844,0.196854035050521,0.247177173446639,0.252736929579148,0.268658698506355,0.0619913702311988
13,"0.85",0.0495415848002345,0.0669283244303755,0.0541398933862888,0.0566600680555362,0.0647963144944226,0.217936114247017,0.0252298710701048
13,"0.9",0.0483071244493276,0.0527469561644353,0.0512908762661689,0.052093858960615,0.053229065622426,0.112650356725667,0.0028807899648338
13,"0.95",0.0477876725448625,0.050335948640916,0.049714101048063,0.0502087033085303,0.0507979451837331,0.0645982427777782,0.000945377347871907
13,"1.0",0.0470454899770436,0.0490116272130452,0.0486038418151189,0.0489647373513255,0.0493640021063498,0.0545802119000071,0.000591870505512293
13,"variable",0.145005783532943,0.236661604811069,0.235481071069708,0.239679440829863,0.24296861061573,0.25948296233931,0.0123244526076996
14,"0.01",0.108129393569119,0.969575525187781,0.990326822916667,0.990654557291667,0.990962890625,0.992727864583333,0.100510400413013
14,"0.05",0.198051125613833,0.936532286198883,0.952616480654762,0.953323958333333,0.954001246279762,0.957606845238095,0.0880380431238124
14,"0.1",0.216020339294196,0.906329957850994,0.905793610491071,0.90672615327381,0.907655726841518,0.912875595238095,0.0134773072357311
14,"0.15",0.275318934601257,0.85987257079134,0.858965699404762,0.860089002046131,0.861198737444196,0.86706306733631,0.00953619025874912
14,"0.2",0.294837438588925,0.813302781844027,0.812165650576637,0.813430420696925,0.814692576574901,0.822185026041667,0.00729752967785005
14,"0.25",0.296173338177557,0.766662905831414,0.765382650514633,0.766775688244048,0.768161963665675,0.776311662946429,0.00664562956391397
14,"0.3",0.290345791876526,0.720008053861053,0.718598013618326,0.720110771639385,0.721603738839286,0.729307046750992,0.00600115009499912
14,"0.35",0.306205059197227,0.673338217959606,0.671837125087369,0.673431597504058,0.675022526697478,0.684721038228265,0.00580704856486326
14,"0.4",0.276064761847749,0.626683151807301,0.625053384852994,0.62672446549761,0.628387972005208,0.63802429625496,0.00396177264664239
14,"0.45",0.250286714088497,0.579947658391777,0.578270121832378,0.580016358381202,0.581749383971064,0.591682531509289,0.00472668772545681
14,"0.5",0.238357617616618,0.533222755688937,0.531450335385101,0.533261102840302,0.535063208254419,0.547690505219607,0.00377273540886239
14,"0.55",0.198445665334456,0.477050430258583,0.47519183562206,0.477085140369613,0.478978401898666,0.490098184215958,0.0036103710669374
14,"0.6",0.186093828745367,0.439525465473752,0.437604297709669,0.439563426525731,0.441507325817629,0.453582582239809,0.00356789205643628
14,"0.65",0.176193149239721,0.392458531178707,0.390455261416101,0.392487906949821,0.394512938616543,0.405616693390096,0.0033108299883312
14,"0.7",0.1053586366068,0.34502833838458,0.342930944229382,0.345104724117029,0.347243952239167,0.358628107807991,0.00389469571200979
14,"0.75",0.0501722984467661,0.295136714487206,0.294114326957222,0.296733894772762,0.299183781201693,0.312508081870387,0.0141572198597782
14,"0.8",0.0465406105693328,0.1631454596742,0.0634500909519127,0.19392655527398,0.244344709743862,0.262772416580815,0.0834971803198604
14,"0.85",0.0453372668679631,0.0530715187339893,0.0485287135830095,0.0496081136027435,0.0516101719245824,0.208117973690423,0.0130160720366925
14,"0.9",0.0442573051130328,0.047478525034346,0.0466335320622333,0.0472135830569124,0.0479392461347963,0.0858636137821956,0.00158721957138554
14,"0.95",0.0433550392251598,0.0458583672633766,0.0453826128396716,0.0457879068110721,0.0462467591754225,0.0619333796810359,0.000705991455176009
14,"1.0",0.0427513621711837,0.0448017698622487,0.0444572140862893,0.0447687838200054,0.0451091711355057,0.0500492765997147,0.00049811711348785
14,"variable",0.141182615039296,0.24130203595338,0.240635142380884,0.244303734033404,0.247197343015504,0.262430965334579,0.012392990855289
15,"0.01",0.113537102767408,0.951672769701996,0.990228125,0.990583919270833,0.990901041666667,0.992467447916667,0.133871491023695
15,"0.05",0.164685329886608,0.952196557693277,0.952458031063988,0.953126060267857,0.953791741071429,0.95803671875,0.0214415266142084
15,"0.1",0.218255588882301,0.905857374830059,0.905318429129464,0.906249344308036,0.907170851934524,0.912397860863095,0.0133603643817903
15,"0.15",0.185653785750032,0.859129604470032,0.858243080357143,0.859365063864087,0.860479352678571,0.866780580357143,0.0101040398065056
15,"0.2",0.19374078547229,0.812271927294348,0.811203285435268,0.81247160063244,0.813734577287946,0.821107455977182,0.00902132981976093
15,"0.25",0.239520146213105,0.765433128025906,0.764176958550347,0.76556522986562,0.766957526506696,0.775962856522817,0.0073341012191346
15,"0.3",0.285448679573193,0.718575535346589,0.717153176928323,0.718654266013934,0.720164256262401,0.729578174603175,0.00559858288403835
15,"0.35",0.211449468032602,0.671635260178649,0.670135053168403,0.671729352678571,0.673315314205109,0.682025536334325,0.00582886106105929
15,"0.4",0.27704360262365,0.624718344835247,0.62308673439191,0.624785234080156,0.626451059845103,0.635076649305556,0.00466441562949264
15,"0.45",0.256358172271709,0.577768306870669,0.576063796164773,0.577818590903454,0.579561059464624,0.5890910872114,0.00423229415743948
15,"0.5",0.231044962722081,0.530762704654885,0.528991189447488,0.530792448100944,0.53261096878382,0.543286942809794,0.00367362013550379
15,"0.55",0.172053076206248,0.474256130192001,0.472381864912431,0.474287670570532,0.476186879255727,0.487086992781524,0.00347102954346613
15,"0.6",0.192600396432456,0.436512928823093,0.434593159948775,0.436533697693366,0.438492554607935,0.45071678943886,0.00347677748115069
15,"0.65",0.159668385177711,0.38915225797668,0.387144303280525,0.389191833871424,0.391204877121576,0.402635392125236,0.00338111676399274
15,"0.7",0.0742501771593816,0.341356868867143,0.33928040914164,0.341457417907613,0.343612612078677,0.355701017016837,0.00426624750536811
15,"0.75",0.0448371307283686,0.289667227255424,0.289896326942372,0.29260157364879,0.295096067761449,0.307978465393114,0.0213648214475277
15,"0.8",0.0429038157432113,0.106040428341756,0.0474208821092776,0.0529183299575975,0.186313713975961,0.260507684882392,0.0793978977155428
15,"0.85",0.0415843245145216,0.0462200971229536,0.0442974118252686,0.0450318092966095,0.0460376392627121,0.198448152698728,0.00673500208713444
15,"0.9",0.0406073506069143,0.0434239937235899,0.0428214397148701,0.0432974783456928,0.0438492925358534,0.0742741936174854,0.00101250279554755
15,"0.95",0.0401464595218778,0.0421751595918507,0.0417771212607838,0.0421291928790646,0.0425197970834007,0.0532094173751894,0.000580765936457734
15,"1.0",0.0395016876732167,0.0412803542139686,0.0409780690310917,0.0412550372102529,0.0415551531736589,0.0463974879448902,0.000438188989049462
15,"variable",0.13898983354379,0.245113907023532,0.244463449265036,0.247861545770263,0.250665682976841,0.266028571453439,0.0121438876509267
16,"0.01",0.0939188177420993,0.985591339796103,0.99027470703125,0.990585546875,0.990886067708333,0.992645833333333,0.0513489112497406
16,"0.05",0.14873664158249,0.951907234230013,0.952245182291667,0.952917652529762,0.953585495721726,0.957502864583333,0.022304218909801
16,"0.1",0.170368928256321,0.905450907301147,0.904893266369048,0.905828073846726,0.906752127511161,0.911959598214286,0.0132242767272317
16,"0.15",0.194811565526572,0.858511656582208,0.857621026320684,0.858736087859623,0.859847657800099,0.866009136284722,0.010000306387208
16,"0.2",0.184797265401859,0.811414098567621,0.810364899553571,0.811634621465774,0.812892602926587,0.820229858010913,0.00954993408362197
16,"0.25",0.238075930562945,0.764399675251009,0.763121332465278,0.764513366505456,0.765902607266865,0.774670917320527,0.0066656952992681
16,"0.3",0.204541274584843,0.717305060710752,0.715879255022321,0.717399088541667,0.718900451360705,0.727257849984217,0.00585926130887988
16,"0.35",0.25187594100852,0.670174524272908,0.66866091889881,0.670252621217758,0.671835240800866,0.681429842509921,0.00526351953638025
16,"0.4",0.232823689479687,0.623008078228963,0.62140309294113,0.623084096263979,0.624754663543921,0.634612162078373,0.00512229366490561
16,"0.45",0.191550755061369,0.575831221894206,0.574131761885033,0.575877359576188,0.577618899725492,0.589049478689713,0.00421636098931683
16,"0.5",0.21739090220294,0.528601252234517,0.526815454581226,0.52863853772096,0.530457657137784,0.540270421006944,0.00380331225014318
16,"0.55",0.13207912840192,0.471820667824596,0.469962400013181,0.471856839362894,0.47374932162022,0.48627919175009,0.00375217170115141
16,"0.6",0.158053701330266,0.433865754029301,0.43194506502612,0.433902409981512,0.435844636057844,0.447273757947781,0.00364415549628737
16,"0.65",0.148914332648581,0.386264363584458,0.384272751475413,0.386298020512474,0.388319703793385,0.399721684760552,0.00344821180329418
16,"0.7",0.0479249270389272,0.33815273676517,0.336088406558434,0.338272533298949,0.340421684871023,0.35218937859016,0.00462998322161138
16,"0.75",0.0411700525816711,0.282054211047598,0.286050827531556,0.288916556241068,0.291463700619584,0.304914797691458,0.0359027278100354
16,"0.8",0.0392233965182944,0.0659095996394083,0.0428535584672881,0.0440577255605543,0.0476278964338323,0.25261685038371,0.0549237359741269
16,"0.85",0.0386246198806992,0.0418636661777288,0.0408547899160822,0.0414395796029938,0.0421505544380567,0.18592743363986,0.0034786417984876
16,"0.9",0.0378635712143877,0.0401058864380309,0.0396239124594269,0.0400353114215449,0.040493188014305,0.0749824363721588,0.000747294418102958
16,"0.95",0.0371849983633437,0.0390652284113409,0.0387177919538685,0.0390314237807675,0.039374589267506,0.0448858053660709,0.000502814438383155
16,"1.0",0.0367383256869282,0.0382887081002116,0.0380127088815256,0.0382697940889854,0.0385417036995868,0.0412397867930026,0.000397155446616802
16,"variable",0.136139574588591,0.248440793055344,0.247897088443751,0.251046141085245,0.253729116007084,0.267531656028433,0.0120535803381941
18,"0.01",0.0817637866642845,0.982478538871194,0.990196712239583,0.990510416666667,0.990813834635417,0.992340494791667,0.0637239605297781
18,"0.05",0.115229796343222,0.951558695076104,0.951889527529762,0.952563355654762,0.953226897321429,0.956784133184524,0.0225064517548216
18,"0.1",0.14098669610286,0.90439062115423,0.904202157738095,0.905131780133928,0.906054264322917,0.912598725818452,0.0186624719455995
18,"0.15",0.192353858839715,0.857423988901462,0.856565569196429,0.85767992156498,0.858800744047619,0.865718297371032,0.0106573611727843
18,"0.2",0.183389536514562,0.810034012643237,0.808953558252728,0.810227594866071,0.811498559957837,0.818380474950397,0.00894770794015551
18,"0.25",0.24780578129831,0.762657097774372,0.761355690414186,0.762760221495085,0.764147095889137,0.772245762592442,0.00643676455653084
18,"0.3",0.258755692931779,0.715191886624539,0.713752717323909,0.715266384830447,0.716775066654266,0.724981640625,0.00537632415808678
18,"0.35",0.237487781592865,0.667635339415065,0.666184630766369,0.66777648644758,0.669362350415427,0.677247984871032,0.00701492151751949
18,"0.4",0.225450324437958,0.620150087434558,0.618558471573999,0.620245286289232,0.621896800031566,0.631038005896014,0.00552472023671477
18,"0.45",0.168487278025943,0.572617530228282,0.570924446403206,0.572684159015897,0.574435008849657,0.583791821763306,0.00474345145621268
18,"0.5",0.211868169572946,0.52502161382467,0.523240986736788,0.525064558856942,0.526860059016504,0.537340482954545,0.00366742100966863
18,"0.55",0.146630105849676,0.467774023164847,0.465914429190601,0.467804258491075,0.469711693173363,0.480634974075404,0.00399364068875311
18,"0.6",0.145375482227726,0.429492873592928,0.427584491487787,0.429540136438508,0.431490665015323,0.441814179071796,0.00399742872204509
18,"0.65",0.0487016723217358,0.381469434404017,0.37946409603851,0.381501828300249,0.383543962607488,0.395748231456044,0.00381101404134907
18,"0.7",0.0385535772509465,0.332760764747419,0.330792064621481,0.332986169223572,0.335151219678759,0.348098002344877,0.00662346675573255
18,"0.75",0.0359393661010121,0.238072796680675,0.275641070676594,0.281874319199107,0.284991401951998,0.298897374066905,0.0916034059698933
18,"0.8",0.0342791371960988,0.03968150873243,0.0367615623120837,0.0373968127880395,0.038193175486406,0.244113563016717,0.0174036669361948
18,"0.85",0.0335952404358774,0.0359738966454999,0.0354498505860153,0.0358817493454054,0.0363762247259553,0.111360931946118,0.00102224635313158
18,"0.9",0.033117680054801,0.0348820410151254,0.0345151918792023,0.0348436752532054,0.0352077922562831,0.0517392669071946,0.000532820594087225
18,"0.95",0.0326691158781364,0.0340826794397553,0.0337953027136895,0.0340606590981353,0.0343445685173841,0.036671217283389,0.000414252326151258
18,"1.0",0.0321774808045246,0.0334569704669629,0.0332224764327263,0.0334404956012396,0.0336763477271232,0.0356663465719486,0.000340067690346035
18,"variable",0.14363839959368,0.25398762837166,0.253797455033764,0.256575977425863,0.258944064212952,0.271141379955701,0.0122974787838212
20,"0.01",0.0610168762116138,0.980098925614246,0.99013359375,0.990452083333333,0.990756510416667,0.992544270833333,0.0739748426244722
20,"0.05",0.12377191724037,0.95117101614879,0.951615494791667,0.952292912946429,0.952957770647321,0.956268303571429,0.0239772551176379
20,"0.1",0.132667661281575,0.903986613376102,0.90364357328869,0.904579441034226,0.905514443824405,0.910767726934524,0.0167663095325173
20,"0.15",0.174910570597796,0.856602961097754,0.85573062453497,0.856850514632937,0.857969115048363,0.863953943452381,0.0104660904548118
20,"0.2",0.156254948403934,0.808943192979335,0.807830223834325,0.809109572003517,0.810382321893601,0.817436569940476,0.00837752579872313
20,"0.25",0.227719458087505,0.761239131628407,0.759972519277597,0.761358449590774,0.7627541015625,0.771163101438492,0.007150661347142
20,"0.3",0.16403334872888,0.713491154542246,0.712102404415246,0.713602486359127,0.715098361756516,0.722942327008929,0.00659852283712068
20,"0.35",0.130747494279219,0.665713757764067,0.664196306888641,0.665806725880456,0.66739513212482,0.675443095858135,0.00582982678175269
20,"0.4",0.1452850056862,0.617916293310006,0.616292745747091,0.617977179580402,0.619659311939146,0.627937894007035,0.00489544306422421
20,"0.45",0.176685953810184,0.570051954978656,0.568368111359127,0.5701220882091,0.571860433788217,0.581008773843344,0.00484343423537002
20,"0.5",0.193951199282702,0.522164771745929,0.52039236569095,0.522213617621528,0.524011301068723,0.53422075977408,0.00406042318450507
20,"0.55",0.158149596065473,0.464552967787091,0.462686827527941,0.464584790329029,0.466474422815683,0.476329529563319,0.00373485930573344
20,"0.6",0.0443379230435715,0.426012384355487,0.424123002762212,0.426070301372889,0.428002593538189,0.438166876070978,0.00443637477420909
20,"0.65",0.0355468617791492,0.377599506078616,0.375615861195012,0.37766077532653,0.379684985969434,0.39087312723403,0.00467299793620053
20,"0.7",0.033698381453838,0.328165443322913,0.326604828214862,0.328798036486593,0.330970302925698,0.344081872836365,0.0124050676196337
20,"0.75",0.0312150030358642,0.10857025161051,0.0341600749840325,0.035355814085614,0.273786953917617,0.292927879650731,0.110618975570159
20,"0.8",0.0305289243961126,0.0331279341040605,0.0323768792407662,0.0328564744621492,0.0334033116917216,0.235867659654735,0.00496617408605744
20,"0.85",0.0297707664058475,0.0317607691093345,0.0313612211535037,0.0317156426371607,0.0321067192701229,0.103210105820509,0.00062093671262344
20,"0.9",0.0293642876939296,0.0309064139355367,0.0305992700134693,0.0308802276388111,0.0311863393662901,0.0338738771724501,0.000442322844943126
20,"0.95",0.0288755979926872,0.0302501068894993,0.0300010976607783,0.0302327152478208,0.0304800803531685,0.0320187953170596,0.0003592838051589
20,"1.0",0.0285663312720705,0.0297202408875539,0.0295112937788747,0.0297065730230073,0.0299157917219387,0.0315805901288654,0.000302951098492677
20,"variable",0.112215033253982,0.258092412221393,0.258033243247681,0.260622241204402,0.26288504554499,0.27473348189354,0.0125571503020742
22,"0.01",0.0698550841703664,0.982288681259207,0.99009765625,0.990412109375,0.990714973958333,0.992231770833333,0.0653902796255186
22,"0.05",0.0867662880323775,0.950704032583391,0.951384779575893,0.952060416666667,0.952734709821429,0.956892857142857,0.0265114753259604
22,"0.1",0.118777226587788,0.903459882868514,0.903177866908482,0.904114887152778,0.905037772042411,0.909577938988095,0.0177018666133885
22,"0.15",0.162215140966168,0.85590563192237,0.855038330078125,0.856156498015873,0.85728115234375,0.864414806547619,0.0108937009103075
22,"0.2",0.150956014696169,0.808041096173755,0.806916849648832,0.808197191220238,0.809471330915179,0.817085602678571,0.00836899824309379
22,"0.25",0.154032076685122,0.759992264081554,0.758794917224702,0.76020474640377,0.761599283079117,0.770133621651786,0.00919269603974104
22,"0.3",0.235393478254536,0.709946339281167,0.7106689990023,0.712190482390873,0.713704424758185,0.721781194196429,0.028410129205868
22,"0.35",0.212647109089259,0.664090142178598,0.662572808441558,0.664177023302219,0.66577313931728,0.674931863362332,0.005724466560358
22,"0.4",0.11573855987366,0.616051791430459,0.614438664547258,0.616117607999639,0.617804425674152,0.627163247147817,0.00533254672412625
22,"0.45",0.17197227284322,0.567970815988661,0.566271470001353,0.568017090125586,0.569776877240598,0.579857083476419,0.00463157084371687
22,"0.5",0.115915345264938,0.519823676318424,0.518051655294575,0.519873494430916,0.521676662481399,0.532145120656253,0.00420819705693881
22,"0.55",0.0576249449255958,0.461899561866239,0.460053138484779,0.461965704228497,0.463844868109321,0.47436036199044,0.00461627203611873
22,"0.6",0.0490237943992045,0.423169159708893,0.421263555417022,0.423213152949481,0.425164252181196,0.436108670723807,0.00431658482586566
22,"0.65",0.0311717774277142,0.374462725228732,0.372551087194056,0.374587268666663,0.376605998490984,0.387900112409292,0.00615282297266779
22,"0.7",0.0296677735350106,0.322689222766684,0.323115385127568,0.325359664631669,0.327519319330843,0.33944800661578,0.0271099842242337
22,"0.75",0.0278775259647143,0.0409198649746171,0.0301515833381163,0.030727192284224,0.03144179936821,0.288462257995783,0.0479962936756753
22,"0.8",0.0273360316563391,0.0294387382540685,0.0289774766344667,0.0293722431673852,0.0298135743124722,0.222672449455543,0.00128522454360041
22,"0.85",0.0267427113269736,0.0284779191827436,0.0281400555154752,0.0284465868864794,0.0287809486345633,0.0481448580956618,0.000489214054331127
22,"0.9",0.02637294226187,0.0277635065211303,0.0274941207601946,0.0277431492295631,0.0280102211766536,0.030174291842322,0.000387798422075176
22,"0.95",0.0259672110320749,0.0272024518543314,0.0269790177090627,0.0271898799849418,0.0274100362422137,0.0289401089379732,0.000322097936610823
22,"1.0",0.0256352638758944,0.0267413495539876,0.0265523137862171,0.0267317926110155,0.0269199851885624,0.0282503336969736,0.000274726191670926
22,"variable",0.132679798829435,0.261373405708605,0.261471561967157,0.263863561703098,0.265980419977064,0.277588273242536,0.0126917848335742
24,"0.01",0.053992676560086,0.981015160339711,0.990053385416667,0.990371354166667,0.990677083333333,0.992333333333333,0.070296059530243
24,"0.05",0.074578163519346,0.950364506907735,0.951190494791667,0.951872172619048,0.952543508184524,0.956408742559524,0.0275454534783555
24,"0.1",0.113845368608727,0.902903143906026,0.902789053199405,0.903731789434524,0.904660084170387,0.90961994047619,0.0201070868651885
24,"0.15",0.142787471329454,0.855327411072858,0.854463237072173,0.855582691592262,0.85672003890749,0.86325978422619,0.0112168815967127
24,"0.2",0.11340999398767,0.807154466971362,0.806139360894097,0.807426666497565,0.808704752604167,0.816582068452381,0.0113803863425354
24,"0.25",0.182801899448587,0.759069298736149,0.757850685143849,0.759256498015873,0.760650613064236,0.768575861855159,0.00875426871807063
24,"0.3",0.120956206804138,0.710889855571959,0.709526992934366,0.711042762586806,0.712551432291667,0.720820594618056,0.00804471045112826
24,"0.35",0.130863940134848,0.662771034997162,0.661241350728265,0.662835086495536,0.66444165969122,0.673732701174693,0.00550391252798638
24,"0.4",0.108721649031501,0.614536514914213,0.612904308712121,0.614587271501285,0.616275200878765,0.624895201174693,0.00471662506308174
24,"0.45",0.131622354748667,0.566221179148503,0.564512211394291,0.566288498404807,0.568043655584866,0.577054545172709,0.00478981974734634
24,"0.5",0.141395416750106,0.517886522577856,0.516137435307748,0.517940193129353,0.519736348417208,0.529911861445846,0.00450724632042544
24,"0.55",0.0386538414949081,0.45971186611115,0.457866222460265,0.459772439561307,0.461655887108768,0.472132981601732,0.00475125342320041
24,"0.6",0.0317909552312732,0.420781363585769,0.418901332050111,0.420869892845869,0.422812678976839,0.434550449311973,0.00534368683623602
24,"0.65",0.0282226261827846,0.371669704813,0.369956852495378,0.371992905770445,0.374017761695227,0.387033087040997,0.0105465628927858
24,"0.7",0.026576514095102,0.308355249714201,0.319892522651725,0.322329560511103,0.324594149502841,0.335823868514298,0.0624284440233658
24,"0.75",0.0254285897162728,0.0286668654649355,0.0271919325687667,0.0276477044764375,0.0281681287625102,0.283167860939994,0.0148938632325372
24,"0.8",0.0247630246676071,0.0266308907223963,0.0262430643170548,0.0265850028489124,0.0269620137194415,0.219944403821771,0.00118671503795241
24,"0.85",0.0243654357225395,0.025823837501972,0.0255277030848049,0.0258000601226374,0.0260930802599391,0.0285884274977157,0.000425934937611791
24,"0.9",0.0237269651580151,0.0252102462879503,0.0249676210153589,0.0251936998690059,0.0254345828640527,0.0270702055278047,0.000349557883825834
24,"0.95",0.0235594573618963,0.024718643868841,0.0245149746940784,0.024706619239446,0.0249100108658731,0.0264366047865927,0.000294873216072139
24,"1.0",0.0233385291020883,0.0243113853609731,0.0241361465376093,0.0243024583804302,0.0244762924671868,0.0255976067378467,0.000253871050892097
24,"variable",0.108917893197377,0.263664091881632,0.264066609164426,0.266333362038862,0.268359189717075,0.278338590871955,0.0135108178843277
26,"0.01",0.0560872253059159,0.981465712098434,0.990022135416667,0.990337890625,0.990643880208333,0.992250651041667,0.0683686103514176
26,"0.05",0.0656712494250568,0.94967477314642,0.951031919642857,0.951714973958333,0.952383482142857,0.956150520833333,0.0326174956262208
26,"0.1",0.091079853511934,0.902875059002343,0.902478134300595,0.903413904389881,0.904345203993056,0.909209858630952,0.0168788414902436
26,"0.15",0.118203337119302,0.854869861718634,0.853980744667659,0.855111892361111,0.856242473493304,0.861955180431548,0.01090342583151
26,"0.2",0.122854838884732,0.806426742462035,0.805491311693948,0.806781547619048,0.808055288938492,0.81533972594246,0.0125811298568705
26,"0.25",0.0963971590544023,0.758263178862385,0.757042171999008,0.75843548797123,0.759844931316513,0.766415941220238,0.00888571200297275
26,"0.3",0.116534393120774,0.709930875763353,0.708579485423431,0.710103519007035,0.71159372238005,0.719703850446429,0.00792441488218821
26,"0.35",0.136427794286563,0.661597166767813,0.66009301419609,0.661695622519841,0.663295825582837,0.673058751860119,0.00625734258359588
26,"0.4",0.104927849850692,0.613180789722788,0.611608559225063,0.613299315137987,0.614974171824269,0.624240240857233,0.00665760807327702
26,"0.45",0.0809606822430071,0.564751286260192,0.563055991767564,0.564816342555014,0.566565837005876,0.576081654153139,0.00500645459843409
26,"0.5",0.0401880535245476,0.516222190911011,0.514466747068578,0.51628827603603,0.518108872486021,0.527788096647276,0.00524240640342017
26,"0.55",0.0306791855167496,0.457846794943148,0.456027339891012,0.457929767714924,0.459829020550847,0.470635158959964,0.00561985424319785
26,"0.6",0.0269081311016871,0.41864794054841,0.416930958733107,0.41888193287832,0.420802637894555,0.431646497989857,0.00935557270857211
26,"0.65",0.0255969357173827,0.368477699548426,0.367747264660253,0.369804426427522,0.371838023895592,0.382113440162268,0.0213187231077734
26,"0.7",0.0236917775734639,0.184827722325108,0.0265573960591077,0.315219244611725,0.320430977765182,0.333747247349005,0.146185154300595
26,"0.75",0.0231656261088535,0.0253004309759019,0.0247968512534941,0.0251867915224742,0.025626586445641,0.27575037497225,0.00378870796933153
26,"0.8",0.0226426476097095,0.0243218116595621,0.0239874338470145,0.0242917320497066,0.0246208727108506,0.0275174109519678,0.000476675057482643
26,"0.85",0.0222299631176805,0.0236318398874251,0.0233648438051455,0.0236121639040605,0.0238763704936737,0.0259617822774453,0.0003827700543485
26,"0.9",0.021872125893949,0.0230902574126044,0.0228684018034693,0.0230760583423019,0.0232952177201073,0.0247952179846794,0.000318672535251591
26,"0.95",0.0216355316253833,0.0226543758895929,0.0224658511650087,0.022643666271521,0.0228307666414202,0.0242324659520827,0.000272270524205972
26,"1.0",0.0213101194392887,0.0222909788641711,0.0221277570214119,0.0222829205711813,0.0224448226577984,0.0235946899752415,0.000236343447537055
26,"variable",0.106552897524767,0.265675436080295,0.266199330888774,0.268365533335958,0.270301791674293,0.280224108511867,0.0137862370301594
32,"0.01",0.0311351320145709,0.988404098948474,0.989964453125,0.990275,0.990578125,0.992204427083333,0.032674285546925
32,"0.05",0.0518567666348855,0.95103781895668,0.950671805245536,0.951352473958333,0.952025553385417,0.956209523809524,0.0132191923871419
32,"0.1",0.0791793907403168,0.902518411384307,0.901755589657738,0.902696168154762,0.90363021530878,0.910533500744048,0.00964629135832065
32,"0.15",0.0766650100968445,0.853921624438504,0.852883442615327,0.854019787016369,0.855147231522817,0.861205710565476,0.0068820761379491
32,"0.2",0.0881358136658615,0.805244248601692,0.804042399088542,0.805327165488591,0.806612881324405,0.814006451512897,0.00642535880467274
32,"0.25",0.0717032552019162,0.756577621501717,0.755221551029266,0.756633500505571,0.75803941359747,0.76685396515377,0.00529816543784666
32,"0.3",0.0958695304063105,0.707861037361301,0.706386782374527,0.707902780877976,0.709414012967284,0.718078075396825,0.00458782168905619
32,"0.35",0.0628015751377678,0.659120360867149,0.657551593501984,0.65915315332454,0.66075474414908,0.670669736426768,0.00411129938551115
32,"0.4",0.0476738398275318,0.610328138233993,0.608675801612667,0.610358654344787,0.612044244481647,0.621831541418651,0.00397037753294666
32,"0.45",0.0311297855841212,0.561503582799252,0.559766709787608,0.561527379445641,0.563281328702764,0.573697104219565,0.00373702044154111
32,"0.5",0.0286755706253347,0.512599169645483,0.51080663838115,0.512626914134043,0.514443077717638,0.524850700926678,0.00377956950274711
32,"0.55",0.0228282025796189,0.453709040920159,0.451900981668072,0.45379284086841,0.455679570180254,0.466308149857955,0.00624517257790129
32,"0.6",0.0209416762657778,0.413925196081617,0.4124693985756,0.414428970638736,0.416359062717339,0.427130827982781,0.0140841669552459
32,"0.65",0.0194211208698545,0.335194984450893,0.362150135412261,0.364593750520313,0.366764563301282,0.377196563831134,0.0965371390853769
32,"0.7",0.0185861181327675,0.0209807236032348,0.0203828064534149,0.0207419822786534,0.0211404858955646,0.323177253042097,0.00758896757394721
32,"0.75",0.0182947789969424,0.0199622918278372,0.019653336172104,0.0199363338822136,0.0202414139661612,0.0228838138196031,0.000443957702674323
32,"0.8",0.0178973958451327,0.0193416427725884,0.0190918909102583,0.0193239016805511,0.0195711683928864,0.0217431828536826,0.000359146142913394
32,"0.85",0.0175289700110862,0.0188544420884104,0.0186460714647539,0.0188416125840108,0.0190485334064867,0.0207038576029293,0.000300452719296946
32,"0.9",0.0174293028296393,0.0184574009890369,0.0182793902379296,0.0184472927297631,0.0186242124434329,0.0199386871029157,0.000257809881208165
32,"0.95",0.0172359042252696,0.0181283385630003,0.01797323491104,0.018121209900102,0.0182752777393424,0.0194350546132734,0.000224835558609641
32,"1.0",0.0170549439708268,0.017850712687828,0.017713714169673,0.0178445912057956,0.0179809642681072,0.0188885737404238,0.000198854948390215
32,"variable",0.0581429266862148,0.269213809160088,0.27044261156846,0.272432685335434,0.274207462346872,0.283812782558496,0.0158436262821594
